Code Beruf,Berufsbezeichnung,Code,Bezeichnung Ausbildungsfeld
51914,"Abdichter/in EFZ",732,"Baugewerbe  Hoch- und Tiefbau"
51919,"Abdichtungspraktiker/in EBA",732,"Baugewerbe  Hoch- und Tiefbau"
15008,"Agrarpraktiker/in EBA",811,"Pflanzenbau und Tierzucht"
15009,"Agrarpraktiker/in EBA (Landwirtschaft) ",811,"Pflanzenbau und Tierzucht"
15010,"Agrarpraktiker/in EBA (Spezialkulturen) ",811,"Pflanzenbau und Tierzucht"
15011,"Agrarpraktiker/in EBA (Weinbereitung) ",811,"Pflanzenbau und Tierzucht"
44727,"Anlagen- und Apparatebauer/in EFZ",715,"Maschinenbau und Metallverarbeitung"
44726,"Anlagenführer/in EFZ",714,"Elektronik und Automation"
44702,"Anlagenführer/in EFZ (ab Lehrbeginn 2017)",714,"Elektronik und Automation"
,"Anlehre: Baugewerbe  Malerei",732,"Baugewerbe  Hoch- und Tiefbau"
,"Anlehre: Blumenbinder/in",812,"Gartenbau"
,"Anlehre: BSV",9999,"Feld unbekannt"
,"Anlehre: Büro  Verwaltung",413,"Management und Verwaltung"
,"Anlehre: Bürogehilfe/-in",413,"Management und Verwaltung"
,"Anlehre: Carrosseriereparateur/in",716,"Kraftfahrzeuge  Schiffe und Flugzeuge"
,"Anlehre: Chemie  Kunststoffe",711,"Chemie und Verfahrenstechnik"
,"Anlehre: Erde  Steine  Glas",722,"Werkstoffe (Glas  Papier  Kunststoff und Holz)"
,"Anlehre: Fahrzeuge",716,"Kraftfahrzeuge  Schiffe und Flugzeuge"
,"Anlehre: Fahrzeugmaler/in",716,"Kraftfahrzeuge  Schiffe und Flugzeuge"
,"Anlehre: Gastgewerbe  Hauswirtschaft",1015,"Reisebüros  Tourismus und Freizeitindustrie"
,"Anlehre: Grafisches Gewerbe",211,"Audiovisuelle Techniken und Medienproduktion"
,"Anlehre: Haustechnik",711,"Chemie und Verfahrenstechnik"
,"Anlehre: Holzbearbeitung",722,"Werkstoffe (Glas  Papier  Kunststoff und Holz)"
,"Anlehre: INSOS Pra",9999,"Feld unbekannt"
,"Anlehre: Kabelbau",715,"Maschinenbau und Metallverarbeitung"
,"Anlehre: Körperpflege",1015,"Reisebüros  Tourismus und Freizeitindustrie"
,"Anlehre: Landwirtsch.  Gartenbau  Forstwirtschaft",812,"Gartenbau"
,"Anlehre: Malerei",732,"Baugewerbe  Hoch- und Tiefbau"
,"Anlehre: Metallbearbeitung  Maschinenbau",715,"Maschinenbau und Metallverarbeitung"
,"Anlehre: Nahrungsmittel und Getränke",721,"Nahrungsmittel"
,"Anlehre: Papier",722,"Werkstoffe (Glas  Papier  Kunststoff und Holz)"
,"Anlehre: Postangestellte/r",9999,"Feld unbekannt"
,"Anlehre: Reinigung",1015,"Reisebüros  Tourismus und Freizeitindustrie"
,"Anlehre: Technische Berufe",715,"Maschinenbau und Metallverarbeitung"
,"Anlehre: Textil und Bekleidung",723,"Textilien ( Kleidung  Schuhwerk und Leder)"
,"Anlehre: Übrige Berufe",9999,"Feld unbekannt"
,"Anlehre: Verkauf",416,"Gross- und Einzelhandel"
40105,"Apparate-Glasbläser/in EFZ",722,"Werkstoffe (Glas  Papier  Kunststoff und Holz)"
54602,"Architekturmodellbauer/in",731,"Architektur und Städteplanung"
54603,"Architekturmodellbauer/in EFZ",731,"Architektur und Städteplanung"
86913,"Assistent/in Gesundheit und Soziales EBA",988,"Interdisziplinäre Programme und Qualifikationen mit Gesundheit und Sozialwesen"
85504,"Augenoptiker/in EFZ",914,"Medizinische Diagnostik und Behandlungstechnik"
47416,"Automatiker/in EFZ",714,"Elektronik und Automation"
46426,"Automatikmonteur/in EFZ",714,"Elektronik und Automation"
46317,"Automobil-Assistent/in EBA",716,"Kraftfahrzeuge  Schiffe und Flugzeuge"
46318,"Automobil-Assistent/in EBA",716,"Kraftfahrzeuge  Schiffe und Flugzeuge"
46314,"Automobil-Fachmann/-frau EFZ",716,"Kraftfahrzeuge  Schiffe und Flugzeuge"
46324,"Automobil-Fachmann/-frau EFZ",716,"Kraftfahrzeuge  Schiffe und Flugzeuge"
46316,"Automobil-Fachmann/-frau EFZ (Nutzfahrzeuge) ",716,"Kraftfahrzeuge  Schiffe und Flugzeuge"
46326,"Automobil-Fachmann/-frau EFZ (Nutzfahrzeuge) ",716,"Kraftfahrzeuge  Schiffe und Flugzeuge"
46325,"Automobil-Fachmann/-frau EFZ (Personenwagen) ",716,"Kraftfahrzeuge  Schiffe und Flugzeuge"
46315,"Automobil-Fachmann/-frau EFZ (Personenwagen) ",716,"Kraftfahrzeuge  Schiffe und Flugzeuge"
46321,"Automobil-Mechatroniker/in EFZ",716,"Kraftfahrzeuge  Schiffe und Flugzeuge"
46311,"Automobil-Mechatroniker/in EFZ",716,"Kraftfahrzeuge  Schiffe und Flugzeuge"
46313,"Automobil-Mechatroniker/in EFZ (Nutzfahrzeuge) ",716,"Kraftfahrzeuge  Schiffe und Flugzeuge"
46323,"Automobil-Mechatroniker/in EFZ (Nutzfahrzeuge) ",716,"Kraftfahrzeuge  Schiffe und Flugzeuge"
46322,"Automobil-Mechatroniker/in EFZ (Personenwagen) ",716,"Kraftfahrzeuge  Schiffe und Flugzeuge"
46312,"Automobil-Mechatroniker/in EFZ (Personenwagen) ",716,"Kraftfahrzeuge  Schiffe und Flugzeuge"
21107,"Bäcker/in-Konditor/in-Confiseur/in EBA",721,"Nahrungsmittel"
21104,"Bäcker/in-Konditor/in-Confiseur/in EFZ",721,"Nahrungsmittel"
21105,"Bäcker/in-Konditor/in-Confiseur/in EFZ (Bäckerei-Konditorei) ",721,"Nahrungsmittel"
21106,"Bäcker/in-Konditor/in-Confiseur/in EFZ (Konditorei-Confiserie) ",721,"Nahrungsmittel"
43906,"Baumaschinenmechaniker/in EFZ",715,"Maschinenbau und Metallverarbeitung"
51007,"Baupraktiker/in EBA",732,"Baugewerbe  Hoch- und Tiefbau"
51005,"Bauwerktrenner/in EFZ",732,"Baugewerbe  Hoch- und Tiefbau"
27121,"Bekleidungsgestalter/in EFZ",723,"Textilien ( Kleidung  Schuhwerk und Leder)"
27122,"Bekleidungsnäher/in EBA",723,"Textilien ( Kleidung  Schuhwerk und Leder)"
39905,"Betonwerker/in EFZ",732,"Baugewerbe  Hoch- und Tiefbau"
51706,"Boden-Parkettleger/in EFZ",732,"Baugewerbe  Hoch- und Tiefbau"
51708,"Boden-Parkettleger/in EFZ (Parkett) ",732,"Baugewerbe  Hoch- und Tiefbau"
51707,"Boden-Parkettleger/in EFZ (textile und elastische Beläge) ",732,"Baugewerbe  Hoch- und Tiefbau"
30403,"Bootbauer/in",716,"Kraftfahrzeuge  Schiffe und Flugzeuge"
30405,"Bootbauer/in EFZ",716,"Kraftfahrzeuge  Schiffe und Flugzeuge"
30402,"Bootfachwart/in",716,"Kraftfahrzeuge  Schiffe und Flugzeuge"
30404,"Bootfachwart/in EFZ",716,"Kraftfahrzeuge  Schiffe und Flugzeuge"
70512,"Buchhändler/in EFZ",416,"Gross- und Einzelhandel"
43102,"Büchsenmacher/in EFZ",715,"Maschinenbau und Metallverarbeitung"
43104,"Büchsenmacher/in EFZ (Profil E) ",715,"Maschinenbau und Metallverarbeitung"
43103,"Büchsenmacher/in EFZ (Profil G) ",715,"Maschinenbau und Metallverarbeitung"
90901,"Bühnentänzer/in EFZ",215,"Musik und darstellende Kunst"
90903,"Bühnentänzer/in EFZ (Klassischer Tanz) ",215,"Musik und darstellende Kunst"
90902,"Bühnentänzer/in EFZ (Zeitgenössischer Tanz) ",215,"Musik und darstellende Kunst"
68103,"Büroassistent/in EBA",415,"Sekretariats- und Büroarbeit"
45306,"Carrosseriespengler/in EFZ",716,"Kraftfahrzeuge  Schiffe und Flugzeuge"
45307,"Carrossier/in Lackiererei EFZ",716,"Kraftfahrzeuge  Schiffe und Flugzeuge"
45304,"Carrossier/in Lackiererei EFZ",716,"Kraftfahrzeuge  Schiffe und Flugzeuge"
45303,"Carrossier/in Spenglerei EFZ",716,"Kraftfahrzeuge  Schiffe und Flugzeuge"
37006,"Chemie- und Pharmapraktiker/in EBA",711,"Chemie und Verfahrenstechnik"
37004,"Chemie- und Pharmatechnologe/-login EFZ",711,"Chemie und Verfahrenstechnik"
37005,"Chemie- und Pharmatechnologe/-login EFZ",711,"Chemie und Verfahrenstechnik"
,"Coiffeur/-euse (Fachschule)",1012,"Friseurgewerbe und Schönheitspflege"
82013,"Coiffeur/-euse EBA",1012,"Friseurgewerbe und Schönheitspflege"
82014,"Coiffeur/-euse EFZ",1012,"Friseurgewerbe und Schönheitspflege"
51915,"Dachdecker/in EFZ",732,"Baugewerbe  Hoch- und Tiefbau"
51920,"Dachdeckerpraktiker/in EBA",732,"Baugewerbe  Hoch- und Tiefbau"
28503,"Dekorationsnäher/in EBA",212,"Mode  Innenarchitektur und industrielles Design"
86912,"Dentalassistent/in EFZ",911,"Zahnmedizin"
71100,"Detailhandelsassistent/in EBA",416,"Gross- und Einzelhandel"
71400,"Detailhandelsassistent/in EBA",416,"Gross- und Einzelhandel"
71495,"Detailhandelsassistent/in EBA (Autoteile-Logistik) ",416,"Gross- und Einzelhandel"
71412,"Detailhandelsassistent/in EBA (Bäckerei/Konditorei/Confiserie) ",416,"Gross- und Einzelhandel"
71195,"Detailhandelsassistent/in EBA (Branche: Autoteile-Logistik) ",416,"Gross- und Einzelhandel"
71112,"Detailhandelsassistent/in EBA (Branche: Bäckerei/Konditorei/Confiserie) ",416,"Gross- und Einzelhandel"
71105,"Detailhandelsassistent/in EBA (Branche: Consumer-Electronics) ",416,"Gross- und Einzelhandel"
71129,"Detailhandelsassistent/in EBA (Branche: Do-it-yourself) ",416,"Gross- und Einzelhandel"
71126,"Detailhandelsassistent/in EBA (Branche: Eisenwaren) ",416,"Gross- und Einzelhandel"
71125,"Detailhandelsassistent/in EBA (Branche: Elektrofach) ",416,"Gross- und Einzelhandel"
71123,"Detailhandelsassistent/in EBA (Branche: Farben) ",416,"Gross- und Einzelhandel"
71114,"Detailhandelsassistent/in EBA (Branche: Fleischwirtschaft) ",416,"Gross- und Einzelhandel"
71193,"Detailhandelsassistent/in EBA (Branche: Flower) ",416,"Gross- und Einzelhandel"
71120,"Detailhandelsassistent/in EBA (Branche: Garden) ",416,"Gross- und Einzelhandel"
71127,"Detailhandelsassistent/in EBA (Branche: Haushalt) ",416,"Gross- und Einzelhandel"
71197,"Detailhandelsassistent/in EBA (Branche: Kiosk) ",416,"Gross- und Einzelhandel"
71194,"Detailhandelsassistent/in EBA (Branche: Landi) ",416,"Gross- und Einzelhandel"
71118,"Detailhandelsassistent/in EBA (Branche: Lederwaren und Reiseartikel) ",416,"Gross- und Einzelhandel"
71124,"Detailhandelsassistent/in EBA (Branche: Möbel) ",416,"Gross- und Einzelhandel"
71192,"Detailhandelsassistent/in EBA (Branche: Musikinstrumente) ",416,"Gross- und Einzelhandel"
71111,"Detailhandelsassistent/in EBA (Branche: Nahrungs- und Genussmittel) ",416,"Gross- und Einzelhandel"
71130,"Detailhandelsassistent/in EBA (Branche: öffentlicher Verkehr) ",416,"Gross- und Einzelhandel"
71122,"Detailhandelsassistent/in EBA (Branche: Papeterie) ",416,"Gross- und Einzelhandel"
71119,"Detailhandelsassistent/in EBA (Branche: Parfümerie) ",416,"Gross- und Einzelhandel"
71198,"Detailhandelsassistent/in EBA (Branche: Post) ",416,"Gross- und Einzelhandel"
71117,"Detailhandelsassistent/in EBA (Branche: Schuhe) ",416,"Gross- und Einzelhandel"
71109,"Detailhandelsassistent/in EBA (Branche: Spielwaren) ",416,"Gross- und Einzelhandel"
71110,"Detailhandelsassistent/in EBA (Branche: Sportartikel) ",416,"Gross- und Einzelhandel"
71128,"Detailhandelsassistent/in EBA (Branche: Teppich- und Bodenbeläge) ",416,"Gross- und Einzelhandel"
71116,"Detailhandelsassistent/in EBA (Branche: Textil) ",416,"Gross- und Einzelhandel"
71104,"Detailhandelsassistent/in EBA (Branche: Ton-Bildträger und Musikalien) ",416,"Gross- und Einzelhandel"
71106,"Detailhandelsassistent/in EBA (Branche: Uhren-Schmuck-Edelsteine) ",416,"Gross- und Einzelhandel"
71121,"Detailhandelsassistent/in EBA (Branche: Zoofachhandel) ",416,"Gross- und Einzelhandel"
71405,"Detailhandelsassistent/in EBA (Consumer-Electronics) ",416,"Gross- und Einzelhandel"
71429,"Detailhandelsassistent/in EBA (Do-it-yourself) ",416,"Gross- und Einzelhandel"
71425,"Detailhandelsassistent/in EBA (Elektrofach) ",416,"Gross- und Einzelhandel"
71414,"Detailhandelsassistent/in EBA (Fleischwirtschaft) ",416,"Gross- und Einzelhandel"
71420,"Detailhandelsassistent/in EBA (Garden) ",416,"Gross- und Einzelhandel"
71427,"Detailhandelsassistent/in EBA (Haushalt) ",416,"Gross- und Einzelhandel"
71497,"Detailhandelsassistent/in EBA (Kiosk) ",416,"Gross- und Einzelhandel"
71494,"Detailhandelsassistent/in EBA (Landi) ",416,"Gross- und Einzelhandel"
71424,"Detailhandelsassistent/in EBA (Möbel) ",416,"Gross- und Einzelhandel"
71411,"Detailhandelsassistent/in EBA (Nahrungs- und Genussmittel) ",416,"Gross- und Einzelhandel"
71422,"Detailhandelsassistent/in EBA (Papeterie) ",416,"Gross- und Einzelhandel"
71419,"Detailhandelsassistent/in EBA (Parfümerie) ",416,"Gross- und Einzelhandel"
71417,"Detailhandelsassistent/in EBA (Schuhe) ",416,"Gross- und Einzelhandel"
71409,"Detailhandelsassistent/in EBA (Spielwaren) ",416,"Gross- und Einzelhandel"
71410,"Detailhandelsassistent/in EBA (Sportartikel) ",416,"Gross- und Einzelhandel"
71416,"Detailhandelsassistent/in EBA (Textil) ",416,"Gross- und Einzelhandel"
71421,"Detailhandelsassistent/in EBA (Zoofachhandel) ",416,"Gross- und Einzelhandel"
71500,"Detailhandelsfachmann/-frau EFZ",416,"Gross- und Einzelhandel"
71600,"Detailhandelsfachmann/-frau EFZ (Beratung) ",416,"Gross- und Einzelhandel"
71200,"Detailhandelsfachmann/-frau EFZ (Beratung) ",416,"Gross- und Einzelhandel"
71695,"Detailhandelsfachmann/-frau EFZ (Beratung/Autoteile-Logistik) ",416,"Gross- und Einzelhandel"
71612,"Detailhandelsfachmann/-frau EFZ (Beratung/Bäckerei/Konditorei/Confiserie) ",416,"Gross- und Einzelhandel"
71295,"Detailhandelsfachmann/-frau EFZ (Beratung/Branche: Autoteile-Logistik) ",416,"Gross- und Einzelhandel"
71212,"Detailhandelsfachmann/-frau EFZ (Beratung/Branche: Bäckerei/Konditorei/Confiserie) ",416,"Gross- und Einzelhandel"
71205,"Detailhandelsfachmann/-frau EFZ (Beratung/Branche: Consumer-Electronics) ",416,"Gross- und Einzelhandel"
71229,"Detailhandelsfachmann/-frau EFZ (Beratung/Branche: Do-it-yourself) ",416,"Gross- und Einzelhandel"
71226,"Detailhandelsfachmann/-frau EFZ (Beratung/Branche: Eisenwaren) ",416,"Gross- und Einzelhandel"
71225,"Detailhandelsfachmann/-frau EFZ (Beratung/Branche: Elektrofach) ",416,"Gross- und Einzelhandel"
71223,"Detailhandelsfachmann/-frau EFZ (Beratung/Branche: Farben) ",416,"Gross- und Einzelhandel"
71214,"Detailhandelsfachmann/-frau EFZ (Beratung/Branche: Fleischwirtschaft) ",416,"Gross- und Einzelhandel"
71293,"Detailhandelsfachmann/-frau EFZ (Beratung/Branche: Flower) ",416,"Gross- und Einzelhandel"
71220,"Detailhandelsfachmann/-frau EFZ (Beratung/Branche: Garden) ",416,"Gross- und Einzelhandel"
71227,"Detailhandelsfachmann/-frau EFZ (Beratung/Branche: Haushalt) ",416,"Gross- und Einzelhandel"
71297,"Detailhandelsfachmann/-frau EFZ (Beratung/Branche: Kiosk) ",416,"Gross- und Einzelhandel"
71294,"Detailhandelsfachmann/-frau EFZ (Beratung/Branche: Landi) ",416,"Gross- und Einzelhandel"
71218,"Detailhandelsfachmann/-frau EFZ (Beratung/Branche: Lederwaren und Reiseartikel) ",416,"Gross- und Einzelhandel"
71224,"Detailhandelsfachmann/-frau EFZ (Beratung/Branche: Möbel) ",416,"Gross- und Einzelhandel"
71292,"Detailhandelsfachmann/-frau EFZ (Beratung/Branche: Musikinstrumente) ",416,"Gross- und Einzelhandel"
71211,"Detailhandelsfachmann/-frau EFZ (Beratung/Branche: Nahrungs- und Genussmittel) ",416,"Gross- und Einzelhandel"
71230,"Detailhandelsfachmann/-frau EFZ (Beratung/Branche: öffentlicher Verkehr) ",416,"Gross- und Einzelhandel"
71222,"Detailhandelsfachmann/-frau EFZ (Beratung/Branche: Papeterie) ",416,"Gross- und Einzelhandel"
71219,"Detailhandelsfachmann/-frau EFZ (Beratung/Branche: Parfümerie) ",416,"Gross- und Einzelhandel"
71298,"Detailhandelsfachmann/-frau EFZ (Beratung/Branche: Post) ",416,"Gross- und Einzelhandel"
71217,"Detailhandelsfachmann/-frau EFZ (Beratung/Branche: Schuhe) ",416,"Gross- und Einzelhandel"
71209,"Detailhandelsfachmann/-frau EFZ (Beratung/Branche: Spielwaren) ",416,"Gross- und Einzelhandel"
71210,"Detailhandelsfachmann/-frau EFZ (Beratung/Branche: Sportartikel) ",416,"Gross- und Einzelhandel"
71228,"Detailhandelsfachmann/-frau EFZ (Beratung/Branche: Teppich und Bodenbeläge) ",416,"Gross- und Einzelhandel"
71216,"Detailhandelsfachmann/-frau EFZ (Beratung/Branche: Textil) ",416,"Gross- und Einzelhandel"
71206,"Detailhandelsfachmann/-frau EFZ (Beratung/Branche: Uhren-Schmuck-Edelsteine) ",416,"Gross- und Einzelhandel"
71221,"Detailhandelsfachmann/-frau EFZ (Beratung/Branche: Zoofachhandel) ",416,"Gross- und Einzelhandel"
71204,"Detailhandelsfachmann/-frau EFZ (Beratung/Branche:Ton-Bildträger und Musikalien) ",416,"Gross- und Einzelhandel"
71605,"Detailhandelsfachmann/-frau EFZ (Beratung/Consumer-Electronics) ",416,"Gross- und Einzelhandel"
71629,"Detailhandelsfachmann/-frau EFZ (Beratung/Do-it-yourself) ",416,"Gross- und Einzelhandel"
71626,"Detailhandelsfachmann/-frau EFZ (Beratung/Eisenwaren) ",416,"Gross- und Einzelhandel"
71625,"Detailhandelsfachmann/-frau EFZ (Beratung/Elektrofach) ",416,"Gross- und Einzelhandel"
71623,"Detailhandelsfachmann/-frau EFZ (Beratung/Farben) ",416,"Gross- und Einzelhandel"
71614,"Detailhandelsfachmann/-frau EFZ (Beratung/Fleischwirtschaft) ",416,"Gross- und Einzelhandel"
71693,"Detailhandelsfachmann/-frau EFZ (Beratung/Flower) ",416,"Gross- und Einzelhandel"
71620,"Detailhandelsfachmann/-frau EFZ (Beratung/Garden) ",416,"Gross- und Einzelhandel"
71627,"Detailhandelsfachmann/-frau EFZ (Beratung/Haushalt) ",416,"Gross- und Einzelhandel"
71697,"Detailhandelsfachmann/-frau EFZ (Beratung/Kiosk) ",416,"Gross- und Einzelhandel"
71694,"Detailhandelsfachmann/-frau EFZ (Beratung/Landi) ",416,"Gross- und Einzelhandel"
71618,"Detailhandelsfachmann/-frau EFZ (Beratung/Lederwaren und Reiseartikel) ",416,"Gross- und Einzelhandel"
71624,"Detailhandelsfachmann/-frau EFZ (Beratung/Möbel) ",416,"Gross- und Einzelhandel"
71692,"Detailhandelsfachmann/-frau EFZ (Beratung/Musikinstrumente) ",416,"Gross- und Einzelhandel"
71611,"Detailhandelsfachmann/-frau EFZ (Beratung/Nahrungs- und Genussmittel) ",416,"Gross- und Einzelhandel"
71630,"Detailhandelsfachmann/-frau EFZ (Beratung/Öffentlicher Verkehr) ",416,"Gross- und Einzelhandel"
71622,"Detailhandelsfachmann/-frau EFZ (Beratung/Papeterie) ",416,"Gross- und Einzelhandel"
71619,"Detailhandelsfachmann/-frau EFZ (Beratung/Parfümerie) ",416,"Gross- und Einzelhandel"
71698,"Detailhandelsfachmann/-frau EFZ (Beratung/Post) ",416,"Gross- und Einzelhandel"
71617,"Detailhandelsfachmann/-frau EFZ (Beratung/Schuhe) ",416,"Gross- und Einzelhandel"
71609,"Detailhandelsfachmann/-frau EFZ (Beratung/Spielwaren) ",416,"Gross- und Einzelhandel"
71610,"Detailhandelsfachmann/-frau EFZ (Beratung/Sportartikel) ",416,"Gross- und Einzelhandel"
71628,"Detailhandelsfachmann/-frau EFZ (Beratung/Teppich und Bodenbeläge) ",416,"Gross- und Einzelhandel"
71616,"Detailhandelsfachmann/-frau EFZ (Beratung/Textil) ",416,"Gross- und Einzelhandel"
71606,"Detailhandelsfachmann/-frau EFZ (Beratung/Uhren-Schmuck-Edelsteine) ",416,"Gross- und Einzelhandel"
71621,"Detailhandelsfachmann/-frau EFZ (Beratung/Zoofachhandel) ",416,"Gross- und Einzelhandel"
71300,"Detailhandelsfachmann/-frau EFZ (Bewirtschaftung) ",416,"Gross- und Einzelhandel"
71700,"Detailhandelsfachmann/-frau EFZ (Bewirtschaftung) ",416,"Gross- und Einzelhandel"
71795,"Detailhandelsfachmann/-frau EFZ (Bewirtschaftung/Autoteile-Logistik) ",416,"Gross- und Einzelhandel"
71395,"Detailhandelsfachmann/-frau EFZ (Bewirtschaftung/Branche: Autoteile-Logistik) ",416,"Gross- und Einzelhandel"
71312,"Detailhandelsfachmann/-frau EFZ (Bewirtschaftung/Branche: Bäckerei/Konditorei/Confiserie) ",416,"Gross- und Einzelhandel"
71305,"Detailhandelsfachmann/-frau EFZ (Bewirtschaftung/Branche: Consumer-Electronics) ",416,"Gross- und Einzelhandel"
71329,"Detailhandelsfachmann/-frau EFZ (Bewirtschaftung/Branche: Do-it-yourself) ",416,"Gross- und Einzelhandel"
71326,"Detailhandelsfachmann/-frau EFZ (Bewirtschaftung/Branche: Eisenwaren) ",416,"Gross- und Einzelhandel"
71325,"Detailhandelsfachmann/-frau EFZ (Bewirtschaftung/Branche: Elektrofach) ",416,"Gross- und Einzelhandel"
71323,"Detailhandelsfachmann/-frau EFZ (Bewirtschaftung/Branche: Farben) ",416,"Gross- und Einzelhandel"
71314,"Detailhandelsfachmann/-frau EFZ (Bewirtschaftung/Branche: Fleischwirtschaft) ",416,"Gross- und Einzelhandel"
71393,"Detailhandelsfachmann/-frau EFZ (Bewirtschaftung/Branche: Flower) ",416,"Gross- und Einzelhandel"
71320,"Detailhandelsfachmann/-frau EFZ (Bewirtschaftung/Branche: Garden) ",416,"Gross- und Einzelhandel"
71327,"Detailhandelsfachmann/-frau EFZ (Bewirtschaftung/Branche: Haushalt) ",416,"Gross- und Einzelhandel"
71397,"Detailhandelsfachmann/-frau EFZ (Bewirtschaftung/Branche: Kiosk) ",416,"Gross- und Einzelhandel"
71394,"Detailhandelsfachmann/-frau EFZ (Bewirtschaftung/Branche: Landi) ",416,"Gross- und Einzelhandel"
71318,"Detailhandelsfachmann/-frau EFZ (Bewirtschaftung/Branche: Lederwaren und Reiseartikel) ",416,"Gross- und Einzelhandel"
71324,"Detailhandelsfachmann/-frau EFZ (Bewirtschaftung/Branche: Möbel) ",416,"Gross- und Einzelhandel"
71392,"Detailhandelsfachmann/-frau EFZ (Bewirtschaftung/Branche: Musikinstrumente) ",416,"Gross- und Einzelhandel"
71311,"Detailhandelsfachmann/-frau EFZ (Bewirtschaftung/Branche: Nahrungs- und Genussmittel) ",416,"Gross- und Einzelhandel"
71322,"Detailhandelsfachmann/-frau EFZ (Bewirtschaftung/Branche: Papeterie) ",416,"Gross- und Einzelhandel"
71319,"Detailhandelsfachmann/-frau EFZ (Bewirtschaftung/Branche: Parfümerie) ",416,"Gross- und Einzelhandel"
71398,"Detailhandelsfachmann/-frau EFZ (Bewirtschaftung/Branche: Post) ",416,"Gross- und Einzelhandel"
71317,"Detailhandelsfachmann/-frau EFZ (Bewirtschaftung/Branche: Schuhe) ",416,"Gross- und Einzelhandel"
71309,"Detailhandelsfachmann/-frau EFZ (Bewirtschaftung/Branche: Spielwaren) ",416,"Gross- und Einzelhandel"
71310,"Detailhandelsfachmann/-frau EFZ (Bewirtschaftung/Branche: Sportartikel) ",416,"Gross- und Einzelhandel"
71328,"Detailhandelsfachmann/-frau EFZ (Bewirtschaftung/Branche: Teppich und Bodenbeläge) ",416,"Gross- und Einzelhandel"
71316,"Detailhandelsfachmann/-frau EFZ (Bewirtschaftung/Branche: Textil) ",416,"Gross- und Einzelhandel"
71306,"Detailhandelsfachmann/-frau EFZ (Bewirtschaftung/Branche: Uhren-Schmuck-Edelsteine) ",416,"Gross- und Einzelhandel"
71321,"Detailhandelsfachmann/-frau EFZ (Bewirtschaftung/Branche: Zoofachhandel) ",416,"Gross- und Einzelhandel"
71304,"Detailhandelsfachmann/-frau EFZ (Bewirtschaftung/Branche:Ton-Bildträger und Musikalien) ",416,"Gross- und Einzelhandel"
71714,"Detailhandelsfachmann/-frau EFZ (Bewirtschaftung/Fleischwirtschaft) ",416,"Gross- und Einzelhandel"
71793,"Detailhandelsfachmann/-frau EFZ (Bewirtschaftung/Flower) ",416,"Gross- und Einzelhandel"
71727,"Detailhandelsfachmann/-frau EFZ (Bewirtschaftung/Haushalt) ",416,"Gross- und Einzelhandel"
71797,"Detailhandelsfachmann/-frau EFZ (Bewirtschaftung/Kiosk) ",416,"Gross- und Einzelhandel"
71711,"Detailhandelsfachmann/-frau EFZ (Bewirtschaftung/Nahrungs- und Genussmittel) ",416,"Gross- und Einzelhandel"
71716,"Detailhandelsfachmann/-frau EFZ (Bewirtschaftung/Textil) ",416,"Gross- und Einzelhandel"
79004,"Diätkoch/-köchin EFZ",1013,"Gastgewerbe und Catering"
70604,"Drogist/in EFZ",416,"Gross- und Einzelhandel"
34125,"Drucktechnologe/-gin EFZ",211,"Audiovisuelle Techniken und Medienproduktion"
34128,"Drucktechnologe/-login EFZ (Bogendruck) ",211,"Audiovisuelle Techniken und Medienproduktion"
34127,"Drucktechnologe/-login EFZ (Reprografie) ",211,"Audiovisuelle Techniken und Medienproduktion"
34129,"Drucktechnologe/-login EFZ (Rollendruck) ",211,"Audiovisuelle Techniken und Medienproduktion"
34126,"Drucktechnologe/-login EFZ (Siebdruck) ",211,"Audiovisuelle Techniken und Medienproduktion"
47413,"Elektroinstallateur/in EFZ",713,"Elektrizität und Energie"
47418,"Elektroinstallateur/in EFZ",713,"Elektrizität und Energie"
46505,"Elektroniker/in EFZ",714,"Elektronik und Automation"
64504,"Elektroplaner/in EFZ",713,"Elektrizität und Energie"
64505,"Elektroplaner/in EFZ",713,"Elektrizität und Energie"
52505,"Entwässerungspraktiker/in EBA",732,"Baugewerbe  Hoch- und Tiefbau"
52504,"Entwässerungstechnologe/-technologin EFZ",732,"Baugewerbe  Hoch- und Tiefbau"
33302,"Etuismacher/in",722,"Werkstoffe (Glas  Papier  Kunststoff und Holz)"
79615,"Fachmann/Fachfrau Hauswirtschaft EFZ",1011,"Hauswirtschaftliche Dienste"
94303,"Fachmann/-frau Betreuung EFZ",923,"Sozialarbeit und Beratung"
94304,"Fachmann/-frau Betreuung EFZ (Behindertenbetreuung) ",923,"Sozialarbeit und Beratung"
94305,"Fachmann/-frau Betreuung EFZ (Betagtenbetreuung) ",923,"Sozialarbeit und Beratung"
94307,"Fachmann/-frau Betreuung EFZ (Generalistische Ausbildung) ",923,"Sozialarbeit und Beratung"
94306,"Fachmann/-frau Betreuung EFZ (Kinderbetreuung) ",923,"Sozialarbeit und Beratung"
80200,"Fachmann/-frau Betriebsunterhalt EFZ",1011,"Hauswirtschaftliche Dienste"
95004,"Fachmann/-frau Betriebsunterhalt EFZ",1011,"Hauswirtschaftliche Dienste"
85701,"Fachmann/-frau Bewegungs-u.Ges.heitsförderung EFZ",1014,"Sport"
86914,"Fachmann/-frau Gesundheit EFZ",913,"Krankenpflege und Geburtshilfe"
86911,"Fachmann/-frau Gesundheit EFZ",913,"Krankenpflege und Geburtshilfe"
79613,"Fachmann/-frau Hauswirtschaft EFZ",1011,"Hauswirtschaftliche Dienste"
70507,"Fachmann/-frau Information u. Dokumentation EFZ",322,"Bibliothek  Informationswesen  Archiv"
76501,"Fachmann/-frau Kundendialog EFZ",416,"Gross- und Einzelhandel"
36504,"Fachmann/-frau Leder und Textil EFZ",723,"Textilien ( Kleidung  Schuhwerk und Leder)"
36506,"Fachmann/-frau Leder und Textil EFZ (Fahrzeuge und Technik) ",723,"Textilien ( Kleidung  Schuhwerk und Leder)"
36507,"Fachmann/-frau Leder und Textil EFZ (Feinlederwaren) ",723,"Textilien ( Kleidung  Schuhwerk und Leder)"
36505,"Fachmann/-frau Leder und Textil EFZ (Pferdesport) ",723,"Textilien ( Kleidung  Schuhwerk und Leder)"
74114,"Fachmann/-frau öffentlicher Verkehr EFZ",1041,"Verkehrsdienstleistungen"
80607,"Fachmann/-frau Textilpflege EFZ",1011,"Hauswirtschaftliche Dienste"
46105,"Fahrradmechaniker/in EFZ",716,"Kraftfahrzeuge  Schiffe und Flugzeuge"
44903,"Fahrzeugschlosser/in EFZ",716,"Kraftfahrzeuge  Schiffe und Flugzeuge"
51916,"Fassadenbauer/in EFZ",732,"Baugewerbe  Hoch- und Tiefbau"
51921,"Fassadenbaupraktiker/in EBA",732,"Baugewerbe  Hoch- und Tiefbau"
40312,"Feinwerkoptiker/in EFZ",722,"Werkstoffe (Glas  Papier  Kunststoff und Holz)"
21812,"Fleischfachassistent/in EBA",721,"Nahrungsmittel"
21807,"Fleischfachassistent/in EBA",721,"Nahrungsmittel"
21808,"Fleischfachmann/-frau EFZ",721,"Nahrungsmittel"
21806,"Fleischfachmann/-frau EFZ",721,"Nahrungsmittel"
21811,"Fleischfachmann/-frau EFZ (Feinkost und Veredelung) ",721,"Nahrungsmittel"
21809,"Fleischfachmann/-frau EFZ (Gewinnung) ",721,"Nahrungsmittel"
21810,"Fleischfachmann/-frau EFZ (Verarbeitung) ",721,"Nahrungsmittel"
33310,"Flexodrucker/in EFZ",722,"Werkstoffe (Glas  Papier  Kunststoff und Holz)"
17205,"Florist/in EBA",214,"Kunsthandwerk"
17204,"Florist/in EFZ",214,"Kunsthandwerk"
30905,"Formenbauer/in EFZ",722,"Werkstoffe (Glas  Papier  Kunststoff und Holz)"
30906,"Formenpraktiker/in EBA",722,"Werkstoffe (Glas  Papier  Kunststoff und Holz)"
19103,"Forstpraktiker/in EBA",821,"Forstwirtschaft"
19104,"Forstwart/in EFZ",821,"Forstwirtschaft"
19102,"Forstwart/in EFZ",821,"Forstwirtschaft"
35210,"Fotofachmann/-frau EFZ",211,"Audiovisuelle Techniken und Medienproduktion"
35213,"Fotofachmann/-frau EFZ (Beratung und Verkauf) ",211,"Audiovisuelle Techniken und Medienproduktion"
35212,"Fotofachmann/-frau EFZ (Finishing) ",211,"Audiovisuelle Techniken und Medienproduktion"
35211,"Fotofachmann/-frau EFZ (Fotografie) ",211,"Audiovisuelle Techniken und Medienproduktion"
90602,"Fotograf/in EFZ",211,"Audiovisuelle Techniken und Medienproduktion"
17018,"Gärtner/in EBA",812,"Gartenbau"
17016,"Gärtner/in EBA (Garten- und Landschaftsbau) ",812,"Gartenbau"
17017,"Gärtner/in EBA (Pflanzenproduktion) ",812,"Gartenbau"
17000,"Gärtner/in EFZ",812,"Gartenbau"
17013,"Gärtner/in EFZ (Baumschule) ",812,"Gartenbau"
17012,"Gärtner/in EFZ (Garten- und Landschaftsbau) ",812,"Gartenbau"
17014,"Gärtner/in EFZ (Stauden) ",812,"Gartenbau"
17015,"Gärtner/in EFZ (Zierpflanzen) ",812,"Gartenbau"
80103,"Gebäudereiniger/in EBA",1011,"Hauswirtschaftliche Dienste"
80102,"Gebäudereiniger/in EFZ",1011,"Hauswirtschaftliche Dienste"
64616,"Gebäudetechnikplaner/in Heizung EFZ",732,"Baugewerbe  Hoch- und Tiefbau"
64617,"Gebäudetechnikplaner/in Lüftung EFZ",732,"Baugewerbe  Hoch- und Tiefbau"
64618,"Gebäudetechnikplaner/in Sanitär EFZ",732,"Baugewerbe  Hoch- und Tiefbau"
16403,"Geflügelfachmann/-fachfrau EFZ",811,"Pflanzenbau und Tierzucht"
54207,"Geigenbauer/in",214,"Kunsthandwerk"
54213,"Geigenbauer/in EFZ",214,"Kunsthandwerk"
17011,"Gemüsegärtner/in EFZ",811,"Pflanzenbau und Tierzucht"
64104,"Geomatiker/in EFZ",731,"Architektur und Städteplanung"
51917,"Gerüstbauer/in EFZ",732,"Baugewerbe  Hoch- und Tiefbau"
51922,"Gerüstbaupraktiker/in EBA",732,"Baugewerbe  Hoch- und Tiefbau"
53106,"Gestalter/in Werbetechnik EFZ",211,"Audiovisuelle Techniken und Medienproduktion"
53108,"Gestalter/in Werbetechnik EFZ",211,"Audiovisuelle Techniken und Medienproduktion"
,"Gestaltung und Kunst (BM2)",211,"Audiovisuelle Techniken und Medienproduktion"
,"Gesundheit und Soziales - Variante Naturwissenschaften (BM2)",919,"Gesundheit nicht andernorts klassifiziert"
,"Gesundheit und Soziales - Variante Wirtschaft und Recht (BM2)",923,"Sozialarbeit und Beratung"
25805,"Gewebegestalter/in EFZ",214,"Kunsthandwerk"
52101,"Gipser/in und Maler/in",732,"Baugewerbe  Hoch- und Tiefbau"
52001,"Gipser/in-Trockenbauer/in",732,"Baugewerbe  Hoch- und Tiefbau"
52002,"Gipser/in-Trockenbauer/in EFZ",732,"Baugewerbe  Hoch- und Tiefbau"
52003,"Gipserpraktiker/in EBA",732,"Baugewerbe  Hoch- und Tiefbau"
40403,"Glaser/in EFZ",732,"Baugewerbe  Hoch- und Tiefbau"
39605,"Glasmaler/in EFZ",214,"Kunsthandwerk"
51416,"Gleisbauer/in EFZ",732,"Baugewerbe  Hoch- und Tiefbau"
51422,"Gleisbaupraktiker/in EBA",732,"Baugewerbe  Hoch- und Tiefbau"
50003,"Goldschmied/in EFZ",214,"Kunsthandwerk"
50006,"Goldschmied/in EFZ (Edelsteinfassen) ",214,"Kunsthandwerk"
50004,"Goldschmied/in EFZ (Goldschmieden) ",214,"Kunsthandwerk"
50005,"Goldschmied/in EFZ (Silberschmieden) ",214,"Kunsthandwerk"
90305,"Grafiker/in EFZ",211,"Audiovisuelle Techniken und Medienproduktion"
44305,"Graveur/in EFZ",715,"Maschinenbau und Metallverarbeitung"
51417,"Grundbauer/in EFZ",732,"Baugewerbe  Hoch- und Tiefbau"
51423,"Grundbaupraktiker/in EBA",732,"Baugewerbe  Hoch- und Tiefbau"
41208,"Gussformer/in EFZ",715,"Maschinenbau und Metallverarbeitung"
41209,"Gussformer/in EFZ (Dauerformen) ",715,"Maschinenbau und Metallverarbeitung"
41210,"Gussformer/in EFZ (Verlorene Formen) ",715,"Maschinenbau und Metallverarbeitung"
41211,"Gusstechnologe/-login EFZ",715,"Maschinenbau und Metallverarbeitung"
41215,"Gusstechnologe/-login EFZ (Dauerformen Profil E) ",715,"Maschinenbau und Metallverarbeitung"
41214,"Gusstechnologe/-login EFZ (Dauerformen Profil G) ",715,"Maschinenbau und Metallverarbeitung"
41213,"Gusstechnologe/-login EFZ (Giessereimodellbau Profil E) ",715,"Maschinenbau und Metallverarbeitung"
41212,"Gusstechnologe/-login EFZ (Giessereimodellbau Profil G) ",715,"Maschinenbau und Metallverarbeitung"
41217,"Gusstechnologe/-login EFZ (Verlorene Formen Profil E) ",715,"Maschinenbau und Metallverarbeitung"
41216,"Gusstechnologe/-login EFZ (Verlorene Formen Profil G) ",715,"Maschinenbau und Metallverarbeitung"
,"Handelsschule/Handelskurs",410,"Wirtschaft und Verwaltung nicht näher definiert"
47705,"Haustechnikpraktiker/in EBA",732,"Baugewerbe  Hoch- und Tiefbau"
79614,"Hauswirtschaftspraktiker/in EBA",1011,"Hauswirtschaftliche Dienste"
79616,"Hauswirtschaftspraktiker/in EBA",1011,"Hauswirtschaftliche Dienste"
47604,"Heizungsinstallateur/in EFZ",713,"Elektrizität und Energie"
47605,"Heizungsinstallateur/in EFZ",713,"Elektrizität und Energie"
30206,"Holzbearbeiter/in EBA",722,"Werkstoffe (Glas  Papier  Kunststoff und Holz)"
90003,"Holzbildhauer/in EFZ",214,"Kunsthandwerk"
30203,"Holzhandwerker/in EFZ",722,"Werkstoffe (Glas  Papier  Kunststoff und Holz)"
30204,"Holzhandwerker/in EFZ (Drechslerei) ",722,"Werkstoffe (Glas  Papier  Kunststoff und Holz)"
30205,"Holzhandwerker/in EFZ (Weissküferei) ",722,"Werkstoffe (Glas  Papier  Kunststoff und Holz)"
85505,"Hörsystemakustiker/in EFZ",919,"Gesundheit nicht andernorts klassifiziert"
78403,"Hotelfachmann/-frau EFZ",1013,"Gastgewerbe und Catering"
79200,"Hotel-Kommunikationsfachmann/-frau EFZ",1013,"Gastgewerbe und Catering"
78420,"Hotellerieangestellte/r EBA",1013,"Gastgewerbe und Catering"
43703,"Hufschmied/in EFZ",715,"Maschinenbau und Metallverarbeitung"
88605,"ICT-Fachmann EFZ",612,"Datenbanken  Netzwerkdesign und -administration"
51424,"Ind.u.Unterlagsbodenbauerpraktiker/in EBA",732,"Baugewerbe  Hoch- und Tiefbau"
51418,"Industrie- und Unterlagsbodenbauer/in EFZ",732,"Baugewerbe  Hoch- und Tiefbau"
39507,"Industriekeramiker/in EFZ",722,"Werkstoffe (Glas  Papier  Kunststoff und Holz)"
53303,"Industrielackierer/in EFZ",715,"Maschinenbau und Metallverarbeitung"
53304,"Industrielackierer/in EFZ",715,"Maschinenbau und Metallverarbeitung"
28404,"Industriepolsterer/-polsterin EFZ",723,"Textilien ( Kleidung  Schuhwerk und Leder)"
47110,"Informatiker/in EFZ",613,"Software- und Applikationsentwicklung und -analyse"
88600,"Informatiker/in EFZ",613,"Software- und Applikationsentwicklung und -analyse"
88601,"Informatiker/in EFZ (Applikationsentwicklung) ",613,"Software- und Applikationsentwicklung und -analyse"
88602,"Informatiker/in EFZ (Betriebsinformatik) ",613,"Software- und Applikationsentwicklung und -analyse"
47112,"Informatiker/in EFZ (Generalistische Ausrichtung) ",613,"Software- und Applikationsentwicklung und -analyse"
47113,"Informatiker/in EFZ (Schwerpunkt Applikationsentwicklung) ",613,"Software- und Applikationsentwicklung und -analyse"
47114,"Informatiker/in EFZ (Schwerpunkt Support) ",613,"Software- und Applikationsentwicklung und -analyse"
47115,"Informatiker/in EFZ (Schwerpunkt Systemtechnik) ",613,"Software- und Applikationsentwicklung und -analyse"
88603,"Informatiker/in EFZ (Systemtechnik) ",613,"Software- und Applikationsentwicklung und -analyse"
47116,"Informatikpraktiker/in EBA",612,"Datenbanken  Netzwerkdesign und -administration"
28410,"Innendekorateur/in",212,"Mode  Innenarchitektur und industrielles Design"
28415,"Innendekorateur/in (Bodenbelag) ",212,"Mode  Innenarchitektur und industrielles Design"
28416,"Innendekorateur/in (Montage) ",212,"Mode  Innenarchitektur und industrielles Design"
28414,"Innendekorateur/in (Polstern) ",212,"Mode  Innenarchitektur und industrielles Design"
28418,"Innendekorateur/in (Sattlerei) ",212,"Mode  Innenarchitektur und industrielles Design"
28419,"Innendekorateur/in (Tapete) ",212,"Mode  Innenarchitektur und industrielles Design"
28417,"Innendekorateur/in (Vorhang) ",212,"Mode  Innenarchitektur und industrielles Design"
47117,"Interactive Media Designer EFZ",211,"Audiovisuelle Techniken und Medienproduktion"
52203,"Isolierspengler/in EFZ",732,"Baugewerbe  Hoch- und Tiefbau"
47805,"Kältemontage-Praktiker/in EBA",713,"Elektrizität und Energie"
47803,"Kältesystem-Monteur/in EFZ",713,"Elektrizität und Energie"
47804,"Kältesystem-Planer/in EFZ",713,"Elektrizität und Energie"
80003,"Kaminfeger/in EFZ",1011,"Hauswirtschaftliche Dienste"
68400,"Kaufmann/-frau EFZ",415,"Sekretariats- und Büroarbeit"
68500,"Kaufmann/Kauffrau EFZ (Basis-Grundbildung) ",415,"Sekretariats- und Büroarbeit"
68501,"Kaufmann/Kauffrau EFZ (Basis-Grundbildung/Branche: Automobil-Gewerbe) ",415,"Sekretariats- und Büroarbeit"
68502,"Kaufmann/Kauffrau EFZ (Basis-Grundbildung/Branche: Bank) ",415,"Sekretariats- und Büroarbeit"
68508,"Kaufmann/Kauffrau EFZ (Basis-Grundbildung/Branche: Bauen und Wohnen) ",415,"Sekretariats- und Büroarbeit"
68503,"Kaufmann/Kauffrau EFZ (Basis-Grundbildung/Branche: Bundesverwaltung) ",415,"Sekretariats- und Büroarbeit"
68504,"Kaufmann/Kauffrau EFZ (Basis-Grundbildung/Branche: Chemie) ",415,"Sekretariats- und Büroarbeit"
68505,"Kaufmann/Kauffrau EFZ (Basis-Grundbildung/Branche: Dienstleistung und Administration) ",415,"Sekretariats- und Büroarbeit"
68506,"Kaufmann/Kauffrau EFZ (Basis-Grundbildung/Branche: Handel) ",415,"Sekretariats- und Büroarbeit"
68507,"Kaufmann/Kauffrau EFZ (Basis-Grundbildung/Branche: Hotel-Gastro-Tourismus) ",415,"Sekretariats- und Büroarbeit"
68509,"Kaufmann/Kauffrau EFZ (Basis-Grundbildung/Branche: Internationale Speditionslogistik) ",415,"Sekretariats- und Büroarbeit"
68510,"Kaufmann/Kauffrau EFZ (Basis-Grundbildung/Branche: Kommunikation) ",415,"Sekretariats- und Büroarbeit"
68511,"Kaufmann/Kauffrau EFZ (Basis-Grundbildung/Branche: Maschinen-  Elektro- und Metallindustrie) ",415,"Sekretariats- und Büroarbeit"
68512,"Kaufmann/Kauffrau EFZ (Basis-Grundbildung/Branche: Nahrungsmittel-Industrie) ",415,"Sekretariats- und Büroarbeit"
68513,"Kaufmann/Kauffrau EFZ (Basis-Grundbildung/Branche: Notariate Schweiz) ",415,"Sekretariats- und Büroarbeit"
68515,"Kaufmann/Kauffrau EFZ (Basis-Grundbildung/Branche: Öffentliche Verwaltung) ",415,"Sekretariats- und Büroarbeit"
68514,"Kaufmann/Kauffrau EFZ (Basis-Grundbildung/Branche: Öffentlicher Verkehr) ",415,"Sekretariats- und Büroarbeit"
68516,"Kaufmann/Kauffrau EFZ (Basis-Grundbildung/Branche: Privatversicherung) ",415,"Sekretariats- und Büroarbeit"
68517,"Kaufmann/Kauffrau EFZ (Basis-Grundbildung/Branche: Reisebüro) ",415,"Sekretariats- und Büroarbeit"
68518,"Kaufmann/Kauffrau EFZ (Basis-Grundbildung/Branche: santésuisse) ",415,"Sekretariats- und Büroarbeit"
68519,"Kaufmann/Kauffrau EFZ (Basis-Grundbildung/Branche: Spitäler/Kliniken/Heime) ",415,"Sekretariats- und Büroarbeit"
68520,"Kaufmann/Kauffrau EFZ (Basis-Grundbildung/Branche: Transport) ",415,"Sekretariats- und Büroarbeit"
68521,"Kaufmann/Kauffrau EFZ (Basis-Grundbildung/Branche: Treuhand/Immobilien) ",415,"Sekretariats- und Büroarbeit"
68600,"Kaufmann/Kauffrau EFZ (Erweiterte Grundbildung) ",415,"Sekretariats- und Büroarbeit"
68601,"Kaufmann/Kauffrau EFZ (Erweiterte Grundbildung/Branche: Automobil-Gewerbe) ",415,"Sekretariats- und Büroarbeit"
68602,"Kaufmann/Kauffrau EFZ (Erweiterte Grundbildung/Branche: Bank) ",415,"Sekretariats- und Büroarbeit"
68608,"Kaufmann/Kauffrau EFZ (Erweiterte Grundbildung/Branche: Bauen und Wohnen) ",415,"Sekretariats- und Büroarbeit"
68603,"Kaufmann/Kauffrau EFZ (Erweiterte Grundbildung/Branche: Bundesverwaltung) ",415,"Sekretariats- und Büroarbeit"
68604,"Kaufmann/Kauffrau EFZ (Erweiterte Grundbildung/Branche: Chemie) ",415,"Sekretariats- und Büroarbeit"
68605,"Kaufmann/Kauffrau EFZ (Erweiterte Grundbildung/Branche: Dienstleistung und Administration) ",415,"Sekretariats- und Büroarbeit"
68606,"Kaufmann/Kauffrau EFZ (Erweiterte Grundbildung/Branche: Handel) ",415,"Sekretariats- und Büroarbeit"
68607,"Kaufmann/Kauffrau EFZ (Erweiterte Grundbildung/Branche: Hotel-Gastro-Tourismus) ",415,"Sekretariats- und Büroarbeit"
68609,"Kaufmann/Kauffrau EFZ (Erweiterte Grundbildung/Branche: Internationale Speditionslogistik) ",415,"Sekretariats- und Büroarbeit"
68610,"Kaufmann/Kauffrau EFZ (Erweiterte Grundbildung/Branche: Kommunikation) ",415,"Sekretariats- und Büroarbeit"
68611,"Kaufmann/Kauffrau EFZ (Erweiterte Grundbildung/Branche: Maschinen-  Elektro- und Metallindustrie) ",415,"Sekretariats- und Büroarbeit"
68612,"Kaufmann/Kauffrau EFZ (Erweiterte Grundbildung/Branche: Nahrungsmittel-Industrie) ",415,"Sekretariats- und Büroarbeit"
68613,"Kaufmann/Kauffrau EFZ (Erweiterte Grundbildung/Branche: Notariate Schweiz) ",415,"Sekretariats- und Büroarbeit"
68615,"Kaufmann/Kauffrau EFZ (Erweiterte Grundbildung/Branche: Öffentliche Verwaltung) ",415,"Sekretariats- und Büroarbeit"
68614,"Kaufmann/Kauffrau EFZ (Erweiterte Grundbildung/Branche: Öffentlicher Verkehr) ",415,"Sekretariats- und Büroarbeit"
68616,"Kaufmann/Kauffrau EFZ (Erweiterte Grundbildung/Branche: Privatversicherung) ",415,"Sekretariats- und Büroarbeit"
68617,"Kaufmann/Kauffrau EFZ (Erweiterte Grundbildung/Branche: Reisebüro) ",415,"Sekretariats- und Büroarbeit"
68618,"Kaufmann/Kauffrau EFZ (Erweiterte Grundbildung/Branche: santésuisse) ",415,"Sekretariats- und Büroarbeit"
68619,"Kaufmann/Kauffrau EFZ (Erweiterte Grundbildung/Branche: Spitäler/Kliniken/Heime) ",415,"Sekretariats- und Büroarbeit"
68620,"Kaufmann/Kauffrau EFZ (Erweiterte Grundbildung/Branche: Transport) ",415,"Sekretariats- und Büroarbeit"
68621,"Kaufmann/Kauffrau EFZ (Erweiterte Grundbildung/Branche: Treuhand/Immobilien) ",415,"Sekretariats- und Büroarbeit"
39506,"Keramiker/in EFZ",214,"Kunsthandwerk"
46106,"Kleinmotorrad- u Fahrradmechaniker/in EFZ",716,"Kraftfahrzeuge  Schiffe und Flugzeuge"
79007,"Koch/Köchin EFZ",1013,"Gastgewerbe und Catering"
64208,"Konstrukteur/in EFZ",715,"Maschinenbau und Metallverarbeitung"
54402,"Korb- und Flechtwerkgestalter/in EFZ",214,"Kunsthandwerk"
82112,"Kosmetiker/in EFZ",1012,"Friseurgewerbe und Schönheitspflege"
79022,"Küchenangestellte/r EBA",1013,"Gastgewerbe und Catering"
31703,"Küfer/in EFZ",722,"Werkstoffe (Glas  Papier  Kunststoff und Holz)"
38321,"Kunststofftechnologe/-login EFZ",722,"Werkstoffe (Glas  Papier  Kunststoff und Holz)"
38326,"Kunststofftechnologe/-login EFZ (Bearbeiten von Halbzeug/Thermoformen) ",722,"Werkstoffe (Glas  Papier  Kunststoff und Holz)"
38323,"Kunststofftechnologe/-login EFZ (Extrudieren) ",722,"Werkstoffe (Glas  Papier  Kunststoff und Holz)"
38324,"Kunststofftechnologe/-login EFZ (Herstellen von Flächengebilden) ",722,"Werkstoffe (Glas  Papier  Kunststoff und Holz)"
38325,"Kunststofftechnologe/-login EFZ (Herstellen von Verbundteilen) ",722,"Werkstoffe (Glas  Papier  Kunststoff und Holz)"
38322,"Kunststofftechnologe/-login EFZ (Spritzgiessen/Pressen) ",722,"Werkstoffe (Glas  Papier  Kunststoff und Holz)"
38327,"Kunststoffverarbeiter/in EBA",722,"Werkstoffe (Glas  Papier  Kunststoff und Holz)"
65329,"Laborant/in EFZ",711,"Chemie und Verfahrenstechnik"
65324,"Laborant/in EFZ (Biologie) ",711,"Chemie und Verfahrenstechnik"
65325,"Laborant/in EFZ (Chemie) ",711,"Chemie und Verfahrenstechnik"
65327,"Laborant/in EFZ (Farbe und Lack) ",711,"Chemie und Verfahrenstechnik"
65326,"Laborant/in EFZ (Textil) ",711,"Chemie und Verfahrenstechnik"
45305,"Lackierassisten/in EBA",715,"Maschinenbau und Metallverarbeitung"
43905,"Landmaschinenmechaniker/in EFZ",716,"Kraftfahrzeuge  Schiffe und Flugzeuge"
15005,"Landwirt/in EFZ",811,"Pflanzenbau und Tierzucht"
21415,"Lebensmittelpraktiker/in EBA",721,"Nahrungsmittel"
21416,"Lebensmitteltechnologe/-login EFZ",721,"Nahrungsmittel"
95505,"Logistiker/in EBA",1041,"Verkehrsdienstleistungen"
95511,"Logistiker/in EBA",1041,"Verkehrsdienstleistungen"
95504,"Logistiker/in EFZ",1041,"Verkehrsdienstleistungen"
95506,"Logistiker/in EFZ",1041,"Verkehrsdienstleistungen"
95507,"Logistiker/in EFZ (Distribution) ",1041,"Verkehrsdienstleistungen"
95508,"Logistiker/in EFZ (Lager) ",1041,"Verkehrsdienstleistungen"
95509,"Logistiker/in EFZ (Verkehr) ",1041,"Verkehrsdienstleistungen"
47906,"Lüftungsanlagenbauer/in EFZ",713,"Elektrizität und Energie"
47907,"Lüftungsanlagenbauer/in EFZ",713,"Elektrizität und Energie"
47909,"Lüftungsanlagenbauer/in EFZ (Montage) ",713,"Elektrizität und Energie"
47908,"Lüftungsanlagenbauer/in EFZ (Produktion) ",713,"Elektrizität und Energie"
53001,"Maler/in",732,"Baugewerbe  Hoch- und Tiefbau"
53002,"Maler/in EFZ",732,"Baugewerbe  Hoch- und Tiefbau"
53003,"Malerpraktiker/in EBA",732,"Baugewerbe  Hoch- und Tiefbau"
39205,"Marmorist/in EFZ",732,"Baugewerbe  Hoch- und Tiefbau"
75103,"Matrose/Matrosin der Binnenschifffahrt EFZ",1041,"Verkehrsdienstleistungen"
51006,"Maurer/in EFZ",732,"Baugewerbe  Hoch- und Tiefbau"
45906,"Mechanikpraktiker/in EBA",715,"Maschinenbau und Metallverarbeitung"
47121,"Mediamatiker/in EFZ",211,"Audiovisuelle Techniken und Medienproduktion"
88606,"Mediamatiker/in EFZ",211,"Audiovisuelle Techniken und Medienproduktion"
34200,"Medientechnologe/-login EFZ",211,"Audiovisuelle Techniken und Medienproduktion"
34201,"Medientechnologe/-login EFZ (Print) ",211,"Audiovisuelle Techniken und Medienproduktion"
34202,"Medientechnologe/-login EFZ (Printmediatechnik) ",211,"Audiovisuelle Techniken und Medienproduktion"
34203,"Medientechnologe/-login EFZ (Siebdruck) ",211,"Audiovisuelle Techniken und Medienproduktion"
86910,"Medizinische Praxisassistent/in EFZ",914,"Medizinische Diagnostik und Behandlungstechnik"
86915,"Medizinische/r Praxisassistent/in EFZ",914,"Medizinische Diagnostik und Behandlungstechnik"
87101,"Medizinproduktetechnologe/-gin EFZ",914,"Medizinische Diagnostik und Behandlungstechnik"
43813,"Messerschmied/in EFZ",715,"Maschinenbau und Metallverarbeitung"
43815,"Messerschmied/in EFZ (Profil E) ",715,"Maschinenbau und Metallverarbeitung"
43814,"Messerschmied/in EFZ (Profil G) ",715,"Maschinenbau und Metallverarbeitung"
44503,"Metallbauer/in EFZ",715,"Maschinenbau und Metallverarbeitung"
44504,"Metallbauer/in EFZ (Metallbau) ",715,"Maschinenbau und Metallverarbeitung"
44505,"Metallbauer/in EFZ (Schmiedearbeiten) ",715,"Maschinenbau und Metallverarbeitung"
44507,"Metallbauer/in EFZ (Stahlbau) ",715,"Maschinenbau und Metallverarbeitung"
64404,"Metallbaukonstrukteur/in EFZ",715,"Maschinenbau und Metallverarbeitung"
44506,"Metallbaupraktiker/in EBA",715,"Maschinenbau und Metallverarbeitung"
43302,"Metalldrücker/in",715,"Maschinenbau und Metallverarbeitung"
49303,"Mikromechaniker/in EFZ",715,"Maschinenbau und Metallverarbeitung"
48308,"Mikromechaniker/in EFZ",715,"Maschinenbau und Metallverarbeitung"
49305,"Mikromechaniker/in EFZ (Décolletage) ",715,"Maschinenbau und Metallverarbeitung"
49304,"Mikromechaniker/in EFZ (Herstellung von Werkstücken auf CNC-Maschinen) ",715,"Maschinenbau und Metallverarbeitung"
49307,"Mikromechaniker/in EFZ (Prototypen) ",715,"Maschinenbau und Metallverarbeitung"
49306,"Mikromechaniker/in EFZ (Stanzwerkzeuge/Giessformen) ",715,"Maschinenbau und Metallverarbeitung"
65017,"Mikrozeichner/in",715,"Maschinenbau und Metallverarbeitung"
65018,"Mikrozeichner/in EFZ",715,"Maschinenbau und Metallverarbeitung"
48309,"Mikrozeichner/in EFZ",715,"Maschinenbau und Metallverarbeitung"
65023,"Mikrozeichner/in EFZ (Prototypen) ",715,"Maschinenbau und Metallverarbeitung"
65022,"Mikrozeichner/in EFZ (Stanzwerkzeuge/Giessformen) ",715,"Maschinenbau und Metallverarbeitung"
21604,"Milchpraktiker/in EBA",721,"Nahrungsmittel"
21607,"Milchpraktiker/in EBA",721,"Nahrungsmittel"
21605,"Milchtechnologe/-login EFZ",721,"Nahrungsmittel"
21606,"Milchtechnologe/-login EFZ",721,"Nahrungsmittel"
47419,"Montage-Elektriker/in EFZ",713,"Elektrizität und Energie"
47414,"Montage-Elektriker/in EFZ",713,"Elektrizität und Energie"
43907,"Motorgerätemechaniker/in EFZ",716,"Kraftfahrzeuge  Schiffe und Flugzeuge"
46204,"Motorradmechaniker/in EFZ",716,"Kraftfahrzeuge  Schiffe und Flugzeuge"
21005,"Müller/in EFZ",721,"Nahrungsmittel"
21006,"Müller/in EFZ (Lebensmittel) ",721,"Nahrungsmittel"
21007,"Müller/in EFZ (Tiernahrung) ",721,"Nahrungsmittel"
47005,"Multimediaelektroniker/in",714,"Elektronik und Automation"
47006,"Multimediaelektroniker/in EFZ",714,"Elektronik und Automation"
47107,"Multimediagestalter/in",211,"Audiovisuelle Techniken und Medienproduktion"
54214,"Musikinstrumentenbauer/in EFZ",214,"Kunsthandwerk"
54208,"Musikinstrumentenbauer/in EFZ (Blasinstrumentenbau) ",214,"Kunsthandwerk"
54209,"Musikinstrumentenbauer/in EFZ (Blasinstrumentenreparateur) ",214,"Kunsthandwerk"
54210,"Musikinstrumentenbauer/in EFZ (Klavierbau) ",214,"Kunsthandwerk"
54211,"Musikinstrumentenbauer/in EFZ (Orgelbau) ",214,"Kunsthandwerk"
54212,"Musikinstrumentenbauer/in EFZ (Orgelpfeifenbau) ",214,"Kunsthandwerk"
,"Natur  Landschaft und Lebensmittel (BM2)",812,"Gartenbau"
47417,"Netzelektriker/in EFZ",713,"Elektrizität und Energie"
,"Nur BM1 (Berufskunde an anderer Schule)",9999,"Feld unbekannt"
42003,"Oberflächenbeschichter/in EFZ",715,"Maschinenbau und Metallverarbeitung"
42004,"Oberflächenpraktiker/in EBA",715,"Maschinenbau und Metallverarbeitung"
49706,"Oberflächenveredler/in Uhren und Schmuck EFZ",715,"Maschinenbau und Metallverarbeitung"
49707,"Oberflächenveredler/in Uhren und Schmuck EFZ",715,"Maschinenbau und Metallverarbeitung"
16003,"Obstfachmann/-fachfrau EFZ",811,"Pflanzenbau und Tierzucht"
51204,"Ofenbauer/in EFZ",732,"Baugewerbe  Hoch- und Tiefbau"
36105,"Orthopädie-Schuhmacher/in EFZ",723,"Textilien ( Kleidung  Schuhwerk und Leder)"
54005,"Orthopädist/in EFZ",914,"Medizinische Diagnostik und Behandlungstechnik"
33004,"Papiertechnologe/-login EFZ",722,"Werkstoffe (Glas  Papier  Kunststoff und Holz)"
18114,"Pferdefachmann/-frau EFZ",811,"Pflanzenbau und Tierzucht"
18107,"Pferdefachmann/-frau EFZ (Gangpferdereiten) ",811,"Pflanzenbau und Tierzucht"
18118,"Pferdefachmann/-frau EFZ (Gangpferdereiten) ",811,"Pflanzenbau und Tierzucht"
18120,"Pferdefachmann/-frau EFZ (Gespannfahren) ",811,"Pflanzenbau und Tierzucht"
18116,"Pferdefachmann/-frau EFZ (Klassisches Reiten) ",811,"Pflanzenbau und Tierzucht"
18105,"Pferdefachmann/-frau EFZ (Klassisches Reiten) ",811,"Pflanzenbau und Tierzucht"
18115,"Pferdefachmann/-frau EFZ (Pferdepflege) ",811,"Pflanzenbau und Tierzucht"
18104,"Pferdefachmann/-frau EFZ (Pferdepflege) ",811,"Pflanzenbau und Tierzucht"
18108,"Pferdefachmann/-frau EFZ (Pferderennsport) ",811,"Pflanzenbau und Tierzucht"
18119,"Pferdefachmann/-frau EFZ (Pferderennsport) ",811,"Pflanzenbau und Tierzucht"
18117,"Pferdefachmann/-frau EFZ (Westernreiten) ",811,"Pflanzenbau und Tierzucht"
18106,"Pferdefachmann/-frau EFZ (Westernreiten) ",811,"Pflanzenbau und Tierzucht"
18121,"Pferdewart/in EBA",811,"Pflanzenbau und Tierzucht"
51419,"Pflästerer/-in EFZ",732,"Baugewerbe  Hoch- und Tiefbau"
70610,"Pharma-Assistent/in EFZ",416,"Gross- und Einzelhandel"
65321,"Physiklaborant/in",711,"Chemie und Verfahrenstechnik"
65322,"Physiklaborant/in (Messtechnik) ",711,"Chemie und Verfahrenstechnik"
65323,"Physiklaborant/in (Werkstoff) ",711,"Chemie und Verfahrenstechnik"
65328,"Physiklaborant/in EFZ",711,"Chemie und Verfahrenstechnik"
51103,"Plattenleger/in EFZ",732,"Baugewerbe  Hoch- und Tiefbau"
51104,"Plattenlegerpraktiker/in EBA",732,"Baugewerbe  Hoch- und Tiefbau"
82117,"Podologe/-login EFZ",914,"Medizinische Diagnostik und Behandlungstechnik"
50304,"Polisseur/-euse EBA",715,"Maschinenbau und Metallverarbeitung"
50305,"Polisseur/-euse EBA",715,"Maschinenbau und Metallverarbeitung"
51908,"Polybauer/in EFZ (Abdichten) ",732,"Baugewerbe  Hoch- und Tiefbau"
51909,"Polybauer/in EFZ (Dachdecken) ",732,"Baugewerbe  Hoch- und Tiefbau"
51910,"Polybauer/in EFZ (Fassadenbau) ",732,"Baugewerbe  Hoch- und Tiefbau"
51911,"Polybauer/in EFZ (Gerüstbau) ",732,"Baugewerbe  Hoch- und Tiefbau"
51912,"Polybauer/in EFZ (Sonnenschutz-Systeme) ",732,"Baugewerbe  Hoch- und Tiefbau"
51913,"Polybaupraktiker/in EBA",732,"Baugewerbe  Hoch- und Tiefbau"
90503,"Polydesigner/in 3D EFZ (Dekorationsgestalter)",212,"Mode  Innenarchitektur und industrielles Design"
34710,"Polygraf/in EFZ",211,"Audiovisuelle Techniken und Medienproduktion"
34708,"Polygraf/in EFZ (Mediengestaltung) ",211,"Audiovisuelle Techniken und Medienproduktion"
34709,"Polygraf/in EFZ (Medienproduktion) ",211,"Audiovisuelle Techniken und Medienproduktion"
45705,"Polymechaniker/in EFZ",715,"Maschinenbau und Metallverarbeitung"
45707,"Polymechaniker/in EFZ (Profil E) ",715,"Maschinenbau und Metallverarbeitung"
45706,"Polymechaniker/in EFZ (Profil G) ",715,"Maschinenbau und Metallverarbeitung"
35316,"Printmedienpraktiker/in EBA",211,"Audiovisuelle Techniken und Medienproduktion"
35311,"Printmedienverarbeiter/in EFZ",211,"Audiovisuelle Techniken und Medienproduktion"
35312,"Printmedienverarbeiter/in EFZ (Bindetechnologie (Lehrdauer 4 Jahre)) ",211,"Audiovisuelle Techniken und Medienproduktion"
35313,"Printmedienverarbeiter/in EFZ (Buchbinderei (Lehrdauer 4 Jahre)) ",211,"Audiovisuelle Techniken und Medienproduktion"
35315,"Printmedienverarbeiter/in EFZ (Druckausrüstung (Lehrdauer 3 Jahre)) ",211,"Audiovisuelle Techniken und Medienproduktion"
35314,"Printmedienverarbeiter/in EFZ (Versandtechnologie (Lehrdauer 4 Jahre)) ",211,"Audiovisuelle Techniken und Medienproduktion"
45716,"Produktionsmechaniker/in EFZ",715,"Maschinenbau und Metallverarbeitung"
48310,"Qualitätsfachmann/-frau in Mikrotechnik EFZ",715,"Maschinenbau und Metallverarbeitung"
28420,"Raumausstatter/in EFZ",212,"Mode  Innenarchitektur und industrielles Design"
95005,"Recyclist/in EFZ",712,"Umweltschutztechnologien"
95006,"Recyclist/in EFZ",712,"Umweltschutztechnologien"
46320,"Reifenpraktiker/in EBA",716,"Kraftfahrzeuge  Schiffe und Flugzeuge"
79024,"Restaurantangestellte/r EBA",1013,"Gastgewerbe und Catering"
78705,"Restaurantfachmann/-frau EFZ",1013,"Gastgewerbe und Catering"
79023,"Restaurationsangestellte/r EBA",1013,"Gastgewerbe und Catering"
78704,"Restaurationsfachmann/-frau EFZ",1013,"Gastgewerbe und Catering"
30003,"Säger/in Holzindustrie EFZ",722,"Werkstoffe (Glas  Papier  Kunststoff und Holz)"
47704,"Sanitärinstallateur/in EFZ",732,"Baugewerbe  Hoch- und Tiefbau"
47706,"Sanitärinstallateur/in EFZ",713,"Elektrizität und Energie"
,"Schauspieler/in",215,"Musik und darstellende Kunst"
30504,"Schreiner/in (Bau/Fenster) ",722,"Werkstoffe (Glas  Papier  Kunststoff und Holz)"
30503,"Schreiner/in (Möbel/Innenausbau) ",722,"Werkstoffe (Glas  Papier  Kunststoff und Holz)"
30513,"Schreiner/in EFZ",722,"Werkstoffe (Glas  Papier  Kunststoff und Holz)"
30515,"Schreiner/in EFZ (Bau/Fenster) ",722,"Werkstoffe (Glas  Papier  Kunststoff und Holz)"
30514,"Schreiner/in EFZ (Möbel/Innenausbau) ",722,"Werkstoffe (Glas  Papier  Kunststoff und Holz)"
30517,"Schreiner/in EFZ (Skibau) ",722,"Werkstoffe (Glas  Papier  Kunststoff und Holz)"
30516,"Schreiner/in EFZ (Wagner) ",722,"Werkstoffe (Glas  Papier  Kunststoff und Holz)"
30506,"Schreinerpraktiker/in EBA",722,"Werkstoffe (Glas  Papier  Kunststoff und Holz)"
36104,"Schuhmacher/in EFZ",723,"Textilien ( Kleidung  Schuhwerk und Leder)"
36106,"Schuhreparateur/in EBA",723,"Textilien ( Kleidung  Schuhwerk und Leder)"
56503,"Seilbahner/in EBA",1041,"Verkehrsdienstleistungen"
56502,"Seilbahn-Mechatroniker/in EFZ",1041,"Verkehrsdienstleistungen"
31495,"Skibauer (LU)",722,"Werkstoffe (Glas  Papier  Kunststoff und Holz)"
45404,"Spengler/in EFZ",732,"Baugewerbe  Hoch- und Tiefbau"
45405,"Spengler/in EFZ",732,"Baugewerbe  Hoch- und Tiefbau"
39203,"Steinbildhauer/in EFZ",214,"Kunsthandwerk"
39204,"Steinmetz/in EFZ",732,"Baugewerbe  Hoch- und Tiefbau"
51425,"Steinsetzer/in EBA",732,"Baugewerbe  Hoch- und Tiefbau"
39206,"Steinwerker/in EFZ",732,"Baugewerbe  Hoch- und Tiefbau"
51923,"Storenmontagepraktiker/in EBA",732,"Baugewerbe  Hoch- und Tiefbau"
51918,"Storenmonteur/in EFZ",732,"Baugewerbe  Hoch- und Tiefbau"
51420,"Strassenbauer/in EFZ",732,"Baugewerbe  Hoch- und Tiefbau"
51426,"Strassenbaupraktiker/in EBA",732,"Baugewerbe  Hoch- und Tiefbau"
73304,"Strassentransportfachmann/-frau EFZ",1041,"Verkehrsdienstleistungen"
73305,"Strassentransportpraktiker/in EBA",1041,"Verkehrsdienstleistungen"
79008,"Systemgastronomiefachmann/-frau EFZ",1013,"Gastgewerbe und Catering"
,"Tänzer/in",215,"Musik und darstellende Kunst"
,"Technik  Architektur  Life Sciences - ohne Variante (BM2)",711,"Chemie und Verfahrenstechnik"
,"Technik  Architektur  Life Sciences - Variante Chemie oder Biologie (BM2)",711,"Chemie und Verfahrenstechnik"
47420,"Telematiker/in EFZ",714,"Elektronik und Automation"
47415,"Telematiker/in EFZ",714,"Elektronik und Automation"
80606,"Textilpfleger/in EFZ",1011,"Hauswirtschaftliche Dienste"
26309,"Textilpraktiker/in EBA",723,"Textilien ( Kleidung  Schuhwerk und Leder)"
26310,"Textiltechnologe/-gin EFZ",723,"Textilien ( Kleidung  Schuhwerk und Leder)"
26311,"Textiltechnologe/-login EFZ",723,"Textilien ( Kleidung  Schuhwerk und Leder)"
26312,"Textiltechnologe/-login EFZ (Design) ",723,"Textilien ( Kleidung  Schuhwerk und Leder)"
26308,"Textiltechnologe/-login EFZ (Design) ",723,"Textilien ( Kleidung  Schuhwerk und Leder)"
26313,"Textiltechnologe/-login EFZ (Herstellung) ",723,"Textilien ( Kleidung  Schuhwerk und Leder)"
26307,"Textiltechnologe/-login EFZ (Mechatronik) ",723,"Textilien ( Kleidung  Schuhwerk und Leder)"
26316,"Textiltechnologe/-login EFZ (Mechatronik) ",723,"Textilien ( Kleidung  Schuhwerk und Leder)"
26315,"Textiltechnologe/-login EFZ (Seil- und Hebetechnik) ",723,"Textilien ( Kleidung  Schuhwerk und Leder)"
26306,"Textiltechnologe/-login EFZ (Seil- und Hebetechnik) ",723,"Textilien ( Kleidung  Schuhwerk und Leder)"
26304,"Textiltechnologe/-login EFZ (Verarbeitung) ",723,"Textilien ( Kleidung  Schuhwerk und Leder)"
26305,"Textiltechnologe/-login EFZ (Veredlung) ",723,"Textilien ( Kleidung  Schuhwerk und Leder)"
26314,"Textiltechnologe/-login EFZ (Veredlung) ",723,"Textilien ( Kleidung  Schuhwerk und Leder)"
53107,"Theatermaler/in EFZ",212,"Mode  Innenarchitektur und industrielles Design"
86908,"Tiermed. Praxisassistent/in EFZ",841,"Tiermedizin"
18110,"Tierpfleger/in EFZ",811,"Pflanzenbau und Tierzucht"
18111,"Tierpfleger/in EFZ (Heimtiere) ",811,"Pflanzenbau und Tierzucht"
18112,"Tierpfleger/in EFZ (Versuchstiere) ",811,"Pflanzenbau und Tierzucht"
18113,"Tierpfleger/in EFZ (Wildtiere) ",811,"Pflanzenbau und Tierzucht"
49206,"Uhrenarbeiter/in EBA",715,"Maschinenbau und Metallverarbeitung"
49208,"Uhrenarbeiter/in EBA",715,"Maschinenbau und Metallverarbeitung"
49004,"Uhrmacher/in (Industrie)",715,"Maschinenbau und Metallverarbeitung"
49003,"Uhrmacher/in (Rhabillage)",715,"Maschinenbau und Metallverarbeitung"
49005,"Uhrmacher/in EFZ",715,"Maschinenbau und Metallverarbeitung"
49203,"Uhrmacher/in Produktion",715,"Maschinenbau und Metallverarbeitung"
49207,"Uhrmacher/in Produktion EFZ",715,"Maschinenbau und Metallverarbeitung"
80201,"Unterhaltspraktiker/in EBA",1011,"Hauswirtschaftliche Dienste"
66500,"Veranstaltungsfachmann/-frau EFZ",211,"Audiovisuelle Techniken und Medienproduktion"
31604,"Vergolder/in-Einrahmer/in EFZ",214,"Kunsthandwerk"
33313,"Verpackungstechnologe/-login EFZ",722,"Werkstoffe (Glas  Papier  Kunststoff und Holz)"
,"Vorkurs für Gestaltung",211,"Audiovisuelle Techniken und Medienproduktion"
,"Vorkurs für Pädagogik",9999,"Feld unbekannt"
,"Vorkurs für pädagogische Fachhochschule",9999,"Feld unbekannt"
,"Vorlehre",9999,"Feld unbekannt"
31401,"Wagner/in",722,"Werkstoffe (Glas  Papier  Kunststoff und Holz)"
22603,"Weintechnologe/-login EFZ",721,"Nahrungsmittel"
16103,"Winzer/in EFZ",811,"Pflanzenbau und Tierzucht"
,"Wirtschaft und Dienstleistungen - Typ Dienstleistungen (BM2)",410,"Wirtschaft und Verwaltung nicht näher definiert"
,"Wirtschaft und Dienstleistungen - Typ Wirtschaft (BM2)",410,"Wirtschaft und Verwaltung nicht näher definiert"
28502,"Wohntextilgestalter/in EFZ",212,"Mode  Innenarchitektur und industrielles Design"
54103,"Zahntechniker/in EFZ",911,"Zahnmedizin"
54104,"Zahntechniker/in EFZ",911,"Zahnmedizin"
64000,"Zeichner/in (Berufsfeld Raum- und Bauplanung) EFZ",731,"Architektur und Städteplanung"
64008,"Zeichner/in EFZ (Fachrichtung Architektur) ",731,"Architektur und Städteplanung"
64009,"Zeichner/in EFZ (Fachrichtung Ingenieurbau) ",731,"Architektur und Städteplanung"
64010,"Zeichner/in EFZ (Fachrichtung Innenarchitektur) ",731,"Architektur und Städteplanung"
64011,"Zeichner/in EFZ (Fachrichtung Landschaftsarchitektur) ",731,"Architektur und Städteplanung"
64012,"Zeichner/in EFZ (Fachrichtung Raumplanung) ",731,"Architektur und Städteplanung"
30303,"Zimmermann/Zimmerin EFZ",732,"Baugewerbe  Hoch- und Tiefbau"
41300,"Zinngiesser/in",715,"Maschinenbau und Metallverarbeitung"
